city,province,date,month,gas,salestax
Calgary,Alberta,2024-10-01,2024-10,146.5,0.05
Calgary,Alberta,2024-11-01,2024-11,142.4,0.05
Calgary,Alberta,2024-12-01,2024-12,140.8,0.05
Calgary,Alberta,2025-01-01,2025-01,149.2,0.05
Calgary,Alberta,2025-02-01,2025-02,150,0.05
Calgary,Alberta,2025-03-01,2025-03,147.9,0.05
Calgary,Alberta,2025-04-01,2025-04,130.2,0.05
Calgary,Alberta,2025-05-01,2025-05,131.2,0.05
Calgary,Alberta,2025-06-01,2025-06,131.2,0.05
Calgary,Alberta,2025-07-01,2025-07,130.1,0.05
Calgary,Alberta,2025-08-01,2025-08,132.9,0.05
Calgary,Alberta,2025-09-01,2025-09,132.2,0.05
Charlottetown,Prince Edward Island,2024-10-01,2024-10,162.1,0.15
Charlottetown,Prince Edward Island,2024-11-01,2024-11,163.6,0.15
Charlottetown,Prince Edward Island,2024-12-01,2024-12,160.3,0.15
Charlottetown,Prince Edward Island,2025-01-01,2025-01,171,0.15
Charlottetown,Prince Edward Island,2025-02-01,2025-02,171.3,0.15
Charlottetown,Prince Edward Island,2025-03-01,2025-03,163.3,0.15
Charlottetown,Prince Edward Island,2025-04-01,2025-04,146.9,0.15
Charlottetown,Prince Edward Island,2025-05-01,2025-05,148.5,0.15
Charlottetown,Prince Edward Island,2025-06-01,2025-06,148.1,0.15
Charlottetown,Prince Edward Island,2025-07-01,2025-07,147.8,0.15
Charlottetown,Prince Edward Island,2025-08-01,2025-08,150.2,0.15
Charlottetown,Prince Edward Island,2025-09-01,2025-09,152.8,0.15
Edmonton,Alberta,2024-10-01,2024-10,141.3,0.05
Edmonton,Alberta,2024-11-01,2024-11,138.2,0.05
Edmonton,Alberta,2024-12-01,2024-12,135.8,0.05
Edmonton,Alberta,2025-01-01,2025-01,144.3,0.05
Edmonton,Alberta,2025-02-01,2025-02,147.2,0.05
Edmonton,Alberta,2025-03-01,2025-03,145.3,0.05
Edmonton,Alberta,2025-04-01,2025-04,126.7,0.05
Edmonton,Alberta,2025-05-01,2025-05,129.1,0.05
Edmonton,Alberta,2025-06-01,2025-06,127.3,0.05
Edmonton,Alberta,2025-07-01,2025-07,126.3,0.05
Edmonton,Alberta,2025-08-01,2025-08,129.2,0.05
Edmonton,Alberta,2025-09-01,2025-09,130.5,0.05
Halifax,Nova Scotia,2024-10-01,2024-10,154.5,0.15
Halifax,Nova Scotia,2024-11-01,2024-11,156.4,0.15
Halifax,Nova Scotia,2024-12-01,2024-12,154.4,0.15
Halifax,Nova Scotia,2025-01-01,2025-01,163.1,0.15
Halifax,Nova Scotia,2025-02-01,2025-02,163.1,0.15
Halifax,Nova Scotia,2025-03-01,2025-03,158,0.15
Halifax,Nova Scotia,2025-04-01,2025-04,140.1,0.14
Halifax,Nova Scotia,2025-05-01,2025-05,141.9,0.14
Halifax,Nova Scotia,2025-06-01,2025-06,141.4,0.14
Halifax,Nova Scotia,2025-07-01,2025-07,142.8,0.14
Halifax,Nova Scotia,2025-08-01,2025-08,145.8,0.14
Halifax,Nova Scotia,2025-09-01,2025-09,147.3,0.14
Montreal,Quebec,2024-10-01,2024-10,156.6,0.14975
Montreal,Quebec,2024-11-01,2024-11,158.2,0.14975
Montreal,Quebec,2024-12-01,2024-12,158.7,0.14975
Montreal,Quebec,2025-01-01,2025-01,163.5,0.14975
Montreal,Quebec,2025-02-01,2025-02,162.3,0.14975
Montreal,Quebec,2025-03-01,2025-03,158.5,0.14975
Montreal,Quebec,2025-04-01,2025-04,158.8,0.14975
Montreal,Quebec,2025-05-01,2025-05,160.5,0.14975
Montreal,Quebec,2025-06-01,2025-06,158.9,0.14975
Montreal,Quebec,2025-07-01,2025-07,156.7,0.14975
Montreal,Quebec,2025-08-01,2025-08,158.7,0.14975
Montreal,Quebec,2025-09-01,2025-09,162.2,0.14975
Ottawa,Ontario,2024-10-01,2024-10,151.5,0.13
Ottawa,Ontario,2024-11-01,2024-11,152.3,0.13
Ottawa,Ontario,2024-12-01,2024-12,152.2,0.13
Ottawa,Ontario,2025-01-01,2025-01,156.2,0.13
Ottawa,Ontario,2025-02-01,2025-02,155.5,0.13
Ottawa,Ontario,2025-03-01,2025-03,153.7,0.13
Ottawa,Ontario,2025-04-01,2025-04,132.5,0.13
Ottawa,Ontario,2025-05-01,2025-05,135.8,0.13
Ottawa,Ontario,2025-06-01,2025-06,134.9,0.13
Ottawa,Ontario,2025-07-01,2025-07,134.4,0.13
Ottawa,Ontario,2025-08-01,2025-08,135.3,0.13
Ottawa,Ontario,2025-09-01,2025-09,138.1,0.13
Quebec City,Quebec,2024-10-01,2024-10,154.5,0.14975
Quebec City,Quebec,2024-11-01,2024-11,154.5,0.14975
Quebec City,Quebec,2024-12-01,2024-12,154.8,0.14975
Quebec City,Quebec,2025-01-01,2025-01,159.4,0.14975
Quebec City,Quebec,2025-02-01,2025-02,158,0.14975
Quebec City,Quebec,2025-03-01,2025-03,154,0.14975
Quebec City,Quebec,2025-04-01,2025-04,155.2,0.14975
Quebec City,Quebec,2025-05-01,2025-05,154.5,0.14975
Quebec City,Quebec,2025-06-01,2025-06,153.9,0.14975
Quebec City,Quebec,2025-07-01,2025-07,150.5,0.14975
Quebec City,Quebec,2025-08-01,2025-08,152.1,0.14975
Quebec City,Quebec,2025-09-01,2025-09,158.8,0.14975
Regina,Saskatchewan,2024-10-01,2024-10,148.5,0.05
Regina,Saskatchewan,2024-11-01,2024-11,146.8,0.05
Regina,Saskatchewan,2024-12-01,2024-12,146.8,0.05
Regina,Saskatchewan,2025-01-01,2025-01,149.6,0.05
Regina,Saskatchewan,2025-02-01,2025-02,156.8,0.05
Regina,Saskatchewan,2025-03-01,2025-03,153.7,0.05
Regina,Saskatchewan,2025-04-01,2025-04,138.7,0.05
Regina,Saskatchewan,2025-05-01,2025-05,135.2,0.05
Regina,Saskatchewan,2025-06-01,2025-06,132.8,0.05
Regina,Saskatchewan,2025-07-01,2025-07,131.7,0.05
Regina,Saskatchewan,2025-08-01,2025-08,139.4,0.05
Regina,Saskatchewan,2025-09-01,2025-09,139.6,0.05
Saint John,New Brunswick,2024-10-01,2024-10,154.9,0.15
Saint John,New Brunswick,2024-11-01,2024-11,156.7,0.15
Saint John,New Brunswick,2024-12-01,2024-12,155,0.15
Saint John,New Brunswick,2025-01-01,2025-01,160.9,0.15
Saint John,New Brunswick,2025-02-01,2025-02,163.4,0.15
Saint John,New Brunswick,2025-03-01,2025-03,157,0.15
Saint John,New Brunswick,2025-04-01,2025-04,137.9,0.15
Saint John,New Brunswick,2025-05-01,2025-05,140.2,0.15
Saint John,New Brunswick,2025-06-01,2025-06,140.1,0.15
Saint John,New Brunswick,2025-07-01,2025-07,140.4,0.15
Saint John,New Brunswick,2025-08-01,2025-08,142.9,0.15
Saint John,New Brunswick,2025-09-01,2025-09,145.8,0.15
Saskatoon,Saskatchewan,2024-10-01,2024-10,145.8,0.05
Saskatoon,Saskatchewan,2024-11-01,2024-11,143.8,0.05
Saskatoon,Saskatchewan,2024-12-01,2024-12,144.2,0.05
Saskatoon,Saskatchewan,2025-01-01,2025-01,151.8,0.05
Saskatoon,Saskatchewan,2025-02-01,2025-02,155.2,0.05
Saskatoon,Saskatchewan,2025-03-01,2025-03,153.8,0.05
Saskatoon,Saskatchewan,2025-04-01,2025-04,135.5,0.05
Saskatoon,Saskatchewan,2025-05-01,2025-05,135.5,0.05
Saskatoon,Saskatchewan,2025-06-01,2025-06,135.4,0.05
Saskatoon,Saskatchewan,2025-07-01,2025-07,134.1,0.05
Saskatoon,Saskatchewan,2025-08-01,2025-08,133.7,0.05
Saskatoon,Saskatchewan,2025-09-01,2025-09,138.1,0.05
St. John's,Newfoundland and Labrador,2024-10-01,2024-10,164.8,0.15
St. John's,Newfoundland and Labrador,2024-11-01,2024-11,165.8,0.15
St. John's,Newfoundland and Labrador,2024-12-01,2024-12,164.7,0.15
St. John's,Newfoundland and Labrador,2025-01-01,2025-01,169.7,0.15
St. John's,Newfoundland and Labrador,2025-02-01,2025-02,172.1,0.15
St. John's,Newfoundland and Labrador,2025-03-01,2025-03,168.4,0.15
St. John's,Newfoundland and Labrador,2025-04-01,2025-04,149.1,0.15
St. John's,Newfoundland and Labrador,2025-05-01,2025-05,149.4,0.15
St. John's,Newfoundland and Labrador,2025-06-01,2025-06,150.1,0.15
St. John's,Newfoundland and Labrador,2025-07-01,2025-07,149.8,0.15
St. John's,Newfoundland and Labrador,2025-08-01,2025-08,151.5,0.15
St. John's,Newfoundland and Labrador,2025-09-01,2025-09,154.8,0.15
Thunder Bay,Ontario,2024-10-01,2024-10,154.7,0.13
Thunder Bay,Ontario,2024-11-01,2024-11,152.9,0.13
Thunder Bay,Ontario,2024-12-01,2024-12,152.1,0.13
Thunder Bay,Ontario,2025-01-01,2025-01,155.5,0.13
Thunder Bay,Ontario,2025-02-01,2025-02,155.1,0.13
Thunder Bay,Ontario,2025-03-01,2025-03,154.8,0.13
Thunder Bay,Ontario,2025-04-01,2025-04,135.2,0.13
Thunder Bay,Ontario,2025-05-01,2025-05,136.6,0.13
Thunder Bay,Ontario,2025-06-01,2025-06,134.9,0.13
Thunder Bay,Ontario,2025-07-01,2025-07,133.9,0.13
Thunder Bay,Ontario,2025-08-01,2025-08,138.3,0.13
Thunder Bay,Ontario,2025-09-01,2025-09,134.1,0.13
Toronto,Ontario,2024-10-01,2024-10,151.5,0.13
Toronto,Ontario,2024-11-01,2024-11,152.4,0.13
Toronto,Ontario,2024-12-01,2024-12,151.8,0.13
Toronto,Ontario,2025-01-01,2025-01,156,0.13
Toronto,Ontario,2025-02-01,2025-02,155.4,0.13
Toronto,Ontario,2025-03-01,2025-03,153.4,0.13
Toronto,Ontario,2025-04-01,2025-04,133.2,0.13
Toronto,Ontario,2025-05-01,2025-05,136.4,0.13
Toronto,Ontario,2025-06-01,2025-06,136.2,0.13
Toronto,Ontario,2025-07-01,2025-07,135.3,0.13
Toronto,Ontario,2025-08-01,2025-08,136,0.13
Toronto,Ontario,2025-09-01,2025-09,138.9,0.13
Vancouver,British Columbia,2024-10-01,2024-10,175.1,0.05
Vancouver,British Columbia,2024-11-01,2024-11,174.2,0.05
Vancouver,British Columbia,2024-12-01,2024-12,171.1,0.05
Vancouver,British Columbia,2025-01-01,2025-01,181.8,0.05
Vancouver,British Columbia,2025-02-01,2025-02,188.4,0.05
Vancouver,British Columbia,2025-03-01,2025-03,183.3,0.05
Vancouver,British Columbia,2025-04-01,2025-04,166.1,0.05
Vancouver,British Columbia,2025-05-01,2025-05,173.4,0.05
Vancouver,British Columbia,2025-06-01,2025-06,165.6,0.05
Vancouver,British Columbia,2025-07-01,2025-07,164.2,0.05
Vancouver,British Columbia,2025-08-01,2025-08,168.8,0.05
Vancouver,British Columbia,2025-09-01,2025-09,171.5,0.05
Victoria,British Columbia,2024-10-01,2024-10,170.5,0.05
Victoria,British Columbia,2024-11-01,2024-11,171.7,0.05
Victoria,British Columbia,2024-12-01,2024-12,170.4,0.05
Victoria,British Columbia,2025-01-01,2025-01,175.5,0.05
Victoria,British Columbia,2025-02-01,2025-02,185.3,0.05
Victoria,British Columbia,2025-03-01,2025-03,180.3,0.05
Victoria,British Columbia,2025-04-01,2025-04,162.2,0.05
Victoria,British Columbia,2025-05-01,2025-05,172.1,0.05
Victoria,British Columbia,2025-06-01,2025-06,168.9,0.05
Victoria,British Columbia,2025-07-01,2025-07,159.9,0.05
Victoria,British Columbia,2025-08-01,2025-08,169,0.05
Victoria,British Columbia,2025-09-01,2025-09,172.5,0.05
