id,age,female,educ,yrschool,totinc,transfers,inctax,atinc
1,28,1,College,14,37930,5055,3385,39600
2,41,0,College,14,52173,6704,6223,52654
3,52,0,University,16,119541,114,28414,91241
4,42,1,College,14,78953,3938,15124,67767
5,39,1,High school,12,37549,7032,3137,41444
6,58,0,High school,12,45079,6679,4497,47261
7,20,0,High school,12,51937,5440,6142,51235
8,45,0,High school,12,20334,7289,68,27555
9,28,1,College,14,40794,6541,3460,43875
10,23,1,University,16,56415,4786,7985,53216
11,56,0,Less than HS,10,118725,3572,29262,93035
12,25,1,College,14,31270,10655,2108,39817
13,37,1,College,14,77120,3534,12625,68029
14,21,1,Less than HS,10,52747,5633,5970,52410
15,63,0,University,16,77570,2205,11521,68254
16,23,1,High school,12,40502,7040,3796,43746
17,42,1,College,14,32909,5482,2395,35996
18,46,0,College,14,70758,5561,14175,62144
19,30,0,High school,12,99912,2303,24122,78093
20,48,0,University,16,213758,0,67616,146142
21,46,1,High school,12,43043,5741,3704,45080
22,22,1,Less than HS,10,16743,8553,0,25296
23,26,0,University,16,119200,0,26852,92348
24,29,0,College,14,96256,3955,18163,82048
25,25,0,Less than HS,10,21330,7452,254,28528
26,34,0,College,14,28490,5980,1392,33078
27,34,1,Less than HS,10,60627,4171,9135,55663
28,44,1,University,16,173112,0,50460,122652
29,41,0,University,16,152625,0,45289,107336
30,37,1,High school,12,25542,8323,1187,32678
31,25,0,College,14,45430,5958,5250,46138
32,58,1,College,14,100103,5069,16987,88185
33,57,0,Less than HS,10,87354,2494,17879,71969
34,51,0,High school,12,27521,8141,1749,33913
35,35,0,College,14,187077,0,60802,126275
36,32,0,High school,12,145212,274,42095,103391
37,59,1,University,16,28829,6531,1837,33523
38,47,0,University,16,39614,7922,3358,44178
39,44,0,College,14,71286,3472,10119,64639
40,33,0,Less than HS,10,21601,5488,295,26794
41,39,0,Less than HS,10,70990,3795,11908,62877
42,38,1,College,14,40662,7546,3779,44429
43,57,1,High school,12,33102,5557,2695,35964
44,47,1,University,16,95966,2507,21298,77175
45,26,0,High school,12,39626,5470,3634,41462
46,51,0,University,16,173800,0,46072,127728
47,50,1,High school,12,51408,5846,6398,50856
48,24,0,University,16,118605,1253,22792,97066
49,40,1,High school,12,27466,6692,1208,32950
50,26,0,College,14,90952,4006,18394,76564
51,25,1,University,16,47657,6852,4437,50072
52,62,1,High school,12,48927,4841,5622,48146
53,42,0,High school,12,89088,4133,15966,77255
54,37,0,College,14,77188,3003,11295,68896
55,54,0,University,16,58281,4329,8392,54218
56,27,1,College,14,33997,5533,2780,36750
57,64,1,High school,12,26939,8292,1207,34024
58,34,1,Less than HS,10,15283,8738,0,24021
59,20,0,High school,12,27173,7498,1435,33236
60,46,1,High school,12,38892,7970,4125,42737
61,42,0,University,16,136433,0,37428,99005
62,41,1,University,16,38244,8974,4666,42552
63,34,0,University,16,108480,2590,23186,87884
64,34,1,University,16,167323,0,38442,128881
65,47,1,College,14,236769,0,68780,167989
66,31,0,College,14,37512,6481,3649,40344
67,59,0,University,16,47937,6778,5362,49353
68,63,0,High school,12,40745,6907,4099,43553
69,49,0,Less than HS,10,59579,4519,7494,56604
70,44,0,University,16,178958,0,42718,136240
71,52,1,College,14,80076,4067,15899,68244
72,40,0,University,16,126604,0,31124,95480
73,24,0,High school,12,116876,2857,24598,95135
74,41,0,University,16,106045,1816,26168,81693
75,54,1,University,16,52973,8612,5623,55962
76,36,0,University,16,91317,3786,17374,77729
77,51,0,University,16,81743,2853,14293,70303
78,57,1,University,16,40015,7241,3105,44151
79,27,1,University,16,20497,9191,109,29579
80,54,1,University,16,39703,5856,3613,41946
81,24,0,College,14,59168,4876,7594,56450
82,54,1,High school,12,46122,4900,4711,46311
83,46,0,University,16,111271,2944,21284,92931
84,32,0,Less than HS,10,54953,4580,6228,53305
85,52,1,University,16,123877,2469,25496,100850
86,55,0,University,16,107286,1760,28553,80493
87,22,1,College,14,42475,6546,4054,44967
88,59,1,Less than HS,10,25873,6319,1044,31148
89,47,1,University,16,138257,0,34254,104003
90,21,1,High school,12,37663,6778,4175,40266
91,44,0,College,14,73695,5007,10836,67866
92,28,1,University,16,65942,5204,9815,61331
93,29,1,College,14,46705,4781,4846,46640
94,37,0,College,14,90975,6089,16330,80734
95,53,1,University,16,53563,4965,6581,51947
96,50,0,College,14,113337,2672,24032,91977
97,33,0,High school,12,37520,6087,3474,40133
98,59,0,College,14,46332,6275,4863,47744
99,53,0,High school,12,33475,5951,2713,36713
100,54,1,College,14,40402,7705,4190,43917
101,64,0,College,14,40817,5681,3633,42865
102,20,1,University,16,33958,6332,2893,37397
103,23,0,Less than HS,10,54629,5910,6955,53584
104,39,1,High school,12,30776,7154,1905,36025
105,45,0,College,14,96973,165,21020,76118
106,39,1,High school,12,68685,5526,10486,63725
107,23,1,Less than HS,10,23705,8018,737,30986
108,49,1,High school,12,144041,167,36376,107832
109,25,1,High school,12,21868,9666,357,31177
110,55,1,Less than HS,10,16141,8994,0,25135
111,23,1,College,14,71507,4083,10639,64951
112,24,1,College,14,121906,2773,23776,100903
113,62,0,College,14,22023,5162,376,26809
114,49,1,High school,12,76509,6491,11986,71014
115,32,0,University,16,188585,0,58100,130485
116,59,0,Less than HS,10,62900,6404,9238,60066
117,20,0,University,16,60787,6050,9088,57749
118,47,0,University,16,41519,6100,4617,43002
119,61,1,High school,12,32802,6125,2249,36678
120,35,1,University,16,17881,7725,0,25606
121,25,1,Less than HS,10,42350,4291,4031,42610
122,41,0,College,14,112554,2448,23448,91554
123,42,0,Less than HS,10,59489,6727,8693,57523
124,53,1,High school,12,50653,6756,6480,50929
125,59,1,College,14,51938,4695,7096,49537
126,50,1,University,16,133036,802,31675,102163
127,38,0,College,14,93902,3525,16545,80882
128,39,1,University,16,84451,2536,15955,71032
129,29,1,University,16,120625,1057,32698,88984
130,38,0,University,16,51699,7283,5772,53210
131,22,1,University,16,50506,6337,6952,49891
132,40,0,College,14,68359,6016,9929,64446
133,58,0,University,16,63514,3799,10017,57296
134,20,0,High school,12,15707,5828,0,21535
135,38,0,University,16,106571,209,29914,76866
136,47,0,College,14,95122,0,19174,75948
137,33,1,High school,12,24360,7090,800,30650
138,44,1,High school,12,61045,4316,9163,56198
139,64,0,College,14,67509,6703,11161,63051
140,39,1,High school,12,40824,5881,4203,42502
141,44,1,High school,12,74874,4797,12710,66961
142,28,1,High school,12,51227,7462,5904,52785
143,52,1,College,14,204254,0,61762,142492
144,33,1,Less than HS,10,34599,4713,2348,36964
145,41,0,University,16,39940,8177,3946,44171
146,35,1,Less than HS,10,77075,5365,13267,69173
147,20,1,University,16,21363,7485,274,28574
148,33,1,University,16,34072,7245,2664,38653
149,32,1,High school,12,43138,7390,4058,46470
150,56,1,High school,12,82324,4455,16946,69833
151,51,0,High school,12,99614,3055,18202,84467
152,48,0,High school,12,81692,4381,16809,69264
153,26,0,High school,12,29843,6354,1808,34389
154,62,0,University,16,96264,4904,17759,83409
155,54,0,College,14,56957,6822,6977,56802
156,39,0,College,14,48061,6891,5451,49501
157,48,0,University,16,27580,7046,1215,33411
158,20,1,High school,12,61727,5265,9728,57264
159,49,1,High school,12,40550,6892,3590,43852
160,40,0,College,14,19545,9534,0,29079
161,34,1,High school,12,66635,4620,10972,60283
162,35,0,College,14,39155,5724,3334,41545
163,31,0,College,14,25864,8189,986,33067
164,58,0,College,14,172230,0,42064,130166
165,54,0,College,14,47719,6909,6349,48279
166,57,1,University,16,56684,7135,7016,56803
167,43,0,University,16,82031,5080,13804,73307
168,57,0,College,14,87551,4478,15846,76183
169,25,0,High school,12,66782,3750,10718,59814
170,40,0,University,16,250748,0,86335,164413
171,49,1,University,16,31198,6663,1877,35984
172,43,0,High school,12,86580,6416,13338,79658
173,32,1,High school,12,35131,3969,3745,35355
174,23,0,College,14,73691,4526,14103,64114
175,52,1,College,14,57374,6931,7943,56362
176,30,0,University,16,110110,1432,24393,87149
177,56,1,College,14,118661,0,21702,96959
178,38,1,High school,12,47362,7201,4675,49888
179,21,1,University,16,36309,8361,2793,41877
180,59,0,University,16,136652,2377,31312,107717
181,45,1,University,16,262474,0,87833,174641
182,61,0,College,14,52337,5665,7138,50864
183,25,0,College,14,49273,5103,5811,48565
184,57,0,University,16,84185,4232,16059,72358
185,27,1,Less than HS,10,31907,7006,2665,36248
186,44,0,Less than HS,10,98113,1639,19770,79982
187,43,1,High school,12,38681,7439,3705,42415
188,58,1,University,16,83107,4450,15540,72017
189,25,1,Less than HS,10,44108,5123,4911,44320
190,49,0,University,16,46538,5225,6118,45645
191,57,0,High school,12,54880,7342,6260,55962
192,30,0,University,16,23256,8933,598,31591
193,35,0,High school,12,17710,8738,0,26448
194,27,1,High school,12,98974,2207,24136,77045
195,39,0,College,14,40629,5681,4111,42199
196,23,0,University,16,44851,4929,4699,45081
197,50,1,College,14,56420,8446,7496,57370
198,59,0,Less than HS,10,81523,5003,15684,70842
199,35,0,University,16,69231,6240,11436,64035
200,49,1,College,14,121464,2761,25696,98529
201,60,1,University,16,48578,6145,4690,50033
202,54,1,High school,12,50999,7991,5792,53198
203,39,1,University,16,97718,3133,20599,80252
204,55,1,Less than HS,10,30855,6840,2014,35681
205,60,1,High school,12,50440,8116,6039,52517
206,45,0,College,14,103561,2036,25994,79603
207,56,0,College,14,476675,0,187751,288924
208,58,1,College,14,109472,2970,25167,87275
209,49,0,College,14,21884,7939,331,29492
210,36,0,University,16,41271,7102,4469,43904
211,36,0,College,14,48240,6093,6150,48183
212,61,1,High school,12,43870,6866,4880,45856
213,64,0,University,16,28522,7536,1375,34683
214,25,1,College,14,81303,4798,14290,71811
215,50,1,Less than HS,10,24203,8716,866,32053
216,36,0,College,14,125945,2122,32188,95879
217,28,0,Less than HS,10,50244,6493,7094,49643
218,58,0,High school,12,124622,1398,29914,96106
219,51,1,University,16,56196,6265,7257,55204
220,27,1,High school,12,86781,3042,13227,76596
221,61,0,University,16,109844,2655,19689,92810
222,50,0,High school,12,44335,7777,4836,47276
223,52,0,High school,12,57251,4887,7155,54983
224,63,1,College,14,52771,6883,7573,52081
225,60,1,High school,12,62731,5527,8276,59982
226,46,1,High school,12,29354,8003,1867,35490
227,40,0,High school,12,20155,9259,31,29383
228,54,1,University,16,160135,0,43609,116526
229,28,0,High school,12,33014,6096,2426,36684
230,43,1,University,16,46352,6063,5327,47088
231,47,0,High school,12,52739,7033,6017,53755
232,53,1,High school,12,47448,6944,5725,48667
233,50,0,High school,12,142229,858,37630,105457
234,33,1,College,14,107712,4145,25142,86715
235,36,1,High school,12,119667,3622,30295,92994
236,39,0,University,16,117599,3544,22722,98421
237,48,1,High school,12,56764,7005,7234,56535
238,44,1,College,14,76601,3514,12719,67396
239,21,0,High school,12,13768,9964,0,23732
240,22,1,High school,12,33002,7704,2829,37877
241,64,1,High school,12,136599,1154,32375,105378
242,29,1,College,14,62240,5412,9786,57866
243,54,0,High school,12,47644,5431,4963,48112
244,22,1,College,14,55922,5105,7297,53730
245,25,0,High school,12,38422,7293,4489,41226
246,21,1,University,16,49075,5793,5936,48932
247,21,1,College,14,95357,4137,19862,79632
248,40,1,Less than HS,10,52912,6583,6204,53291
249,34,0,College,14,131625,2199,30182,103642
250,50,1,University,16,55922,7208,6761,56369
251,54,0,High school,12,71641,4566,12395,63812
252,55,1,College,14,68642,4994,13640,59996
253,54,1,University,16,89936,3889,18191,75634
254,51,0,College,14,158757,26,43393,115390
255,33,0,High school,12,61234,5099,10553,55780
256,46,1,High school,12,63877,4205,8795,59287
257,58,0,College,14,37801,5618,3276,40143
258,21,0,University,16,51461,9507,5146,55822
259,31,1,College,14,26748,8238,1344,33642
260,47,1,College,14,77414,4837,15458,66793
261,22,1,High school,12,71830,4821,12115,64536
262,48,1,College,14,63200,7429,8139,62490
263,36,0,College,14,30060,5486,2229,33317
264,26,0,High school,12,35763,6832,3103,39492
265,63,0,High school,12,108097,2133,24559,85671
266,31,1,High school,12,139919,628,34234,106313
267,41,0,University,16,29743,6498,1940,34301
268,46,0,University,16,109382,1825,24500,86707
269,49,0,College,14,105879,3114,24192,84801
270,52,1,College,14,124577,766,30871,94472
271,41,0,College,14,154909,0,37723,117186
272,32,1,High school,12,68878,5157,10975,63060
273,55,0,High school,12,76305,3956,13777,66484
274,52,1,University,16,56403,5184,7924,53663
275,29,1,High school,12,58850,5937,7331,57456
276,56,1,College,14,74259,5306,10818,68747
277,27,1,College,14,48661,7337,5535,50463
278,20,0,University,16,89162,2766,17073,74855
279,56,1,College,14,50656,7122,5401,52377
280,43,1,University,16,53278,4357,6784,50851
281,21,1,University,16,57284,4725,7530,54479
282,27,1,High school,12,74196,6679,12772,68103
283,39,1,High school,12,60643,7039,7462,60220
284,27,0,College,14,41498,4155,4723,40930
285,47,1,High school,12,74747,5025,14595,65177
286,44,0,University,16,23950,8552,650,31852
287,60,1,High school,12,30523,7247,1899,35871
288,25,0,College,14,17830,6889,0,24719
289,28,1,High school,12,91885,5839,18221,79503
290,27,0,High school,12,120014,2390,26242,96162
291,29,0,High school,12,110912,2825,18879,94858
292,64,0,High school,12,23310,7338,623,30025
293,31,0,High school,12,100091,2253,20431,81913
294,60,1,University,16,76091,5318,11557,69852
295,36,1,University,16,87121,6381,14187,79315
296,37,0,High school,12,60120,4595,10466,54249
297,58,1,High school,12,59681,4266,11063,52884
298,35,0,College,14,123814,2762,25914,100662
299,39,1,High school,12,48282,5539,5345,48476
300,35,0,College,14,34991,7453,3018,39426
301,52,0,High school,12,89689,1639,15842,75486
302,42,1,High school,12,91571,4258,16689,79140
303,29,1,High school,12,131495,952,35028,97419
304,56,1,College,14,72305,7035,10408,68932
305,53,1,Less than HS,10,51629,4412,5792,50249
306,63,0,College,14,64589,6371,10389,60571
307,21,1,University,16,80110,5793,13736,72167
308,53,0,University,16,69057,5841,9223,65675
309,42,0,High school,12,66217,6725,11353,61589
310,43,0,High school,12,86731,3207,14996,74942
311,56,0,University,16,67488,3759,9624,61623
312,44,0,University,16,157271,0,41311,115960
313,60,1,High school,12,45945,6813,4803,47955
314,34,1,High school,12,75375,5494,14605,66264
315,24,0,High school,12,19860,6707,0,26567
316,52,0,University,16,50349,6145,6222,50272
317,48,1,University,16,81410,4934,11928,74416
318,31,0,High school,12,65806,5508,10618,60696
319,48,0,College,14,39795,6337,4746,41386
320,61,1,University,16,59847,4227,8423,55651
321,25,1,University,16,16920,7786,0,24706
322,41,1,High school,12,39864,6633,4267,42230
323,38,1,University,16,24962,6488,846,30604
324,62,0,University,16,71780,4492,12154,64118
325,64,0,College,14,61085,6473,8559,58999
326,61,0,College,14,64623,7332,9961,61994
327,34,0,University,16,91947,3370,17689,77628
328,24,1,High school,12,34823,5922,2765,37980
329,55,0,Less than HS,10,58194,5399,8674,54919
330,27,1,High school,12,96344,2234,19178,79400
331,57,0,College,14,57296,4692,8265,53723
332,25,0,University,16,64081,5370,11303,58148
333,30,1,Less than HS,10,61338,3848,8466,56720
334,26,0,Less than HS,10,34173,5636,2903,36906
335,58,0,College,14,46546,6194,5017,47723
336,27,0,College,14,31234,4936,2161,34009
337,63,1,College,14,27701,8256,1295,34662
338,60,0,High school,12,149794,0,40326,109468
339,44,1,College,14,48210,7249,4934,50525
340,35,1,University,16,133134,2244,33712,101666
341,37,1,High school,12,50683,5073,5967,49789
342,58,1,High school,12,28259,7185,1398,34046
343,52,0,College,14,70180,5584,10979,64785
344,40,1,High school,12,35650,4901,3053,37498
345,49,0,University,16,92541,4229,15741,81029
346,33,0,College,14,59179,3707,6552,56334
347,62,0,College,14,42822,6723,4405,45140
348,62,0,University,16,160766,0,48732,112034
349,34,0,Less than HS,10,67673,2583,9840,60416
350,25,1,High school,12,48215,6249,6294,48170
351,57,1,High school,12,84047,3224,17957,69314
352,47,1,College,14,48748,5794,4973,49569
353,25,1,University,16,126247,1050,25980,101317
354,46,0,College,14,59765,5102,9411,55456
355,28,1,High school,12,79072,5741,14482,70331
356,42,1,High school,12,21712,6417,278,27851
357,24,0,College,14,63267,3093,8721,57639
358,56,1,Less than HS,10,17823,7802,0,25625
359,59,1,High school,12,109406,1941,23855,87492
360,63,1,College,14,118113,2187,23110,97190
361,44,1,University,16,117690,1628,29768,89550
362,25,1,College,14,37646,5002,3206,39442
363,51,1,College,14,53844,5634,6627,52851
364,23,0,College,14,23661,7565,778,30448
365,44,1,University,16,69862,5536,10496,64902
366,29,0,High school,12,122872,1775,25021,99626
367,38,0,High school,12,65560,4450,9660,60350
368,29,1,College,14,121740,223,23386,98577
369,22,1,College,14,102202,2854,22671,82385
370,47,1,High school,12,52430,3459,6985,48904
371,55,0,College,14,43585,7084,5085,45584
372,51,1,College,14,33027,6221,2532,36716
373,51,0,College,14,34569,4972,2855,36686
374,64,0,High school,12,73053,4950,12488,65515
375,46,1,High school,12,74474,4666,13360,65780
376,41,0,High school,12,60047,5483,7886,57644
377,42,1,University,16,149125,0,34642,114483
378,38,0,University,16,81964,4085,15645,70404
379,50,0,College,14,108524,2331,21949,88906
380,61,1,High school,12,97302,1725,19699,79328
381,29,1,High school,12,61797,4275,10356,55716
382,42,1,University,16,42466,3241,4156,41551
383,34,0,College,14,29332,6369,2064,33637
384,59,0,University,16,61859,5515,9565,57809
385,56,0,College,14,142730,243,29719,113254
386,34,0,College,14,70924,4742,11635,64031
387,20,1,College,14,19713,7360,0,27073
388,21,0,High school,12,52085,7542,7594,52033
389,61,1,High school,12,77897,3354,13944,67307
390,38,0,University,16,91538,3150,14655,80033
391,38,1,College,14,43110,7088,4353,45845
392,58,0,University,16,46252,6006,4609,47649
393,24,0,High school,12,139040,707,29565,110182
394,34,0,High school,12,133464,1338,30907,103895
395,55,1,University,16,110599,2712,24070,89241
396,41,0,University,16,38405,5376,3283,40498
397,57,0,University,16,228424,0,80185,148239
398,55,0,High school,12,61156,5917,8156,58917
399,32,0,College,14,103714,4060,24390,83384
400,41,0,High school,12,73132,5802,10558,68376
401,47,0,High school,12,120440,2348,27489,95299
402,42,1,High school,12,69780,5587,10962,64405
403,29,0,High school,12,28767,6149,1714,33202
404,60,0,High school,12,36468,6700,3061,40107
405,43,1,Less than HS,10,38524,5747,3286,40985
406,34,1,University,16,89958,3003,16698,76263
407,28,1,University,16,87484,4251,17737,73998
408,31,1,High school,12,74567,5802,13103,67266
409,32,0,College,14,59010,6668,9850,55828
410,64,0,College,14,36435,5434,3924,37945
411,54,0,High school,12,22676,8098,472,30302
412,20,0,High school,12,64835,2806,10151,57490
413,27,1,High school,12,48103,8185,4615,51673
414,30,0,High school,12,18557,7334,0,25891
415,47,0,High school,12,55884,7012,8247,54649
416,58,1,High school,12,86553,3021,20021,69553
417,38,1,High school,12,31511,8773,2210,38074
418,57,1,University,16,57881,5299,8289,54891
419,38,1,University,16,56936,3680,7194,53422
420,64,0,College,14,39459,5397,3485,41371
421,24,1,College,14,39655,6458,3821,42292
422,33,1,College,14,28058,7325,1710,33673
423,36,1,University,16,101852,1126,18560,84418
424,21,1,High school,12,21813,10379,430,31762
425,49,1,High school,12,67709,3663,11074,60298
426,60,1,University,16,71061,4735,14551,61245
427,41,0,University,16,55201,5753,6999,53955
428,35,0,College,14,124081,1373,28510,96944
429,60,1,High school,12,142205,0,38285,103920
430,43,1,University,16,118602,886,31018,88470
431,53,0,High school,12,36473,5231,4052,37652
432,34,0,College,14,50633,2770,6122,47281
433,41,0,Less than HS,10,61160,4527,9037,56650
434,55,0,Less than HS,10,48978,7605,6879,49704
435,30,0,University,16,118229,725,33475,85479
436,22,1,University,16,48675,7042,5506,50211
437,27,1,University,16,51746,3422,6930,48238
438,22,1,High school,12,32711,6260,2315,36656
439,37,0,High school,12,13550,7595,0,21145
440,37,1,University,16,43010,6757,4267,45500
441,46,0,University,16,110380,3287,25874,87793
442,45,1,High school,12,287822,0,97319,190503
443,48,0,High school,12,80543,3356,12987,70912
444,20,1,College,14,26403,7874,1036,33241
445,55,0,High school,12,57621,4161,6796,54986
446,60,0,Less than HS,10,37342,6365,3532,40175
447,34,0,High school,12,38161,7199,3882,41478
448,64,1,High school,12,71447,4013,14870,60590
449,41,1,Less than HS,10,82304,4903,17684,69523
450,25,1,High school,12,34846,6920,3078,38688
451,24,1,College,14,32295,7232,2421,37106
452,36,1,University,16,62676,5706,8914,59468
453,25,1,University,16,143072,0,35042,108030
454,35,0,College,14,105962,2364,21071,87255
455,23,0,Less than HS,10,50274,6745,5948,51071
456,61,1,University,16,34330,5505,3460,36375
457,22,1,High school,12,32134,8296,2572,37858
458,50,0,College,14,69797,6783,12881,63699
459,37,1,College,14,48250,5766,5883,48133
460,43,1,Less than HS,10,61843,3661,8525,56979
461,28,0,University,16,224122,0,71885,152237
462,62,1,High school,12,30614,7052,2053,35613
463,56,1,College,14,52153,7446,5600,53999
464,29,1,High school,12,53175,4923,5412,52686
465,24,1,College,14,102572,2370,18632,86310
466,37,0,High school,12,79332,4273,13628,69977
467,41,1,College,14,29855,7440,1912,35383
468,38,1,University,16,79671,5207,13665,71213
469,52,0,High school,12,80591,5362,14069,71884
470,22,0,High school,12,68128,4780,9997,62911
471,46,0,University,16,134560,726,31488,103798
472,33,1,College,14,73221,8702,13103,68820
473,42,0,University,16,158770,271,41946,117095
474,26,0,University,16,51591,3085,5631,49045
475,54,0,High school,12,33424,5799,2403,36820
476,33,1,Less than HS,10,16035,6661,0,22696
477,47,0,College,14,50375,8631,6601,52405
478,37,1,College,14,104263,187,18389,86061
479,50,1,University,16,128565,1763,28920,101408
480,52,1,University,16,138817,0,33273,105544
481,22,1,College,14,28311,5594,1682,32223
482,35,1,University,16,35501,6785,3649,38637
483,52,0,University,16,99042,3320,19487,82875
484,39,1,University,16,49203,6399,5404,50198
485,21,1,University,16,54711,5963,6528,54146
486,33,0,High school,12,117600,2527,26162,93965
487,36,0,College,14,129108,4291,32330,101069
488,50,1,College,14,121871,2524,29638,94757
489,21,0,College,14,47898,7407,4782,50523
490,21,0,High school,12,28426,7101,1441,34086
491,20,0,College,14,30392,9248,1945,37695
492,55,0,College,14,116378,574,27700,89252
493,60,0,High school,12,39422,7299,3345,43376
494,55,0,College,14,115262,3867,26488,92641
495,34,1,University,16,30083,5811,1887,34007
496,28,0,University,16,125840,2150,29702,98288
497,21,1,High school,12,32508,6524,2232,36800
498,62,0,High school,12,105954,5120,22036,89038
499,47,1,College,14,91708,4341,17231,78818
500,37,1,High school,12,91220,2410,14861,78769
